,adcode,name,新增疑似,累计疑似,新增确诊,累计确诊,新增死亡,累计死亡,adcode,name,新增疑似,累计疑似,新增确诊,累计确诊,新增死亡,累计死亡,adcode,name,新增疑似,累计疑似,新增确诊,累计确诊,新增死亡,累计死亡,adcode,name,新增疑似,累计疑似,新增确诊,累计确诊,新增死亡,累计死亡,adcode,name,新增疑似,累计疑似,新增确诊,累计确诊,新增死亡,累计死亡,adcode,name,新增疑似,累计疑似,新增确诊,累计确诊,新增死亡,累计死亡,adcode,name,新增疑似,累计疑似,新增确诊,累计确诊,新增死亡,累计死亡,adcode,name,新增疑似,累计疑似,新增确诊,累计确诊,新增死亡,累计死亡,adcode,name,新增疑似,累计疑似,新增确诊,累计确诊,新增死亡,累计死亡,adcode,name,新增疑似,累计疑似,新增确诊,累计确诊,新增死亡,累计死亡,adcode,name,新增疑似,累计疑似,新增确诊,累计确诊,新增死亡,累计死亡,adcode,name,新增疑似,累计疑似,新增确诊,累计确诊,新增死亡,累计死亡,adcode,name,新增疑似,累计疑似,新增确诊,累计确诊,新增死亡,累计死亡,adcode,name,新增疑似,累计疑似,新增确诊,累计确诊,新增死亡,累计死亡,adcode,name,新增疑似,累计疑似,新增确诊,累计确诊,新增死亡,累计死亡,adcode,name,新增疑似,累计疑似,新增确诊,累计确诊,新增死亡,累计死亡,adcode,name,新增疑似,累计疑似,新增确诊,累计确诊,新增死亡,累计死亡,adcode,name,新增疑似,累计疑似,新增确诊,累计确诊,新增死亡,累计死亡,adcode,name,新增疑似,累计疑似,新增确诊,累计确诊,新增死亡,累计死亡,adcode,name,新增疑似,累计疑似,新增确诊,累计确诊,新增死亡,累计死亡,adcode,name,新增疑似,累计疑似,新增确诊,累计确诊,新增死亡,累计死亡,adcode,name,新增疑似,累计疑似,新增确诊,累计确诊,新增死亡,累计死亡,adcode,name,新增疑似,累计疑似,新增确诊,累计确诊,新增死亡,累计死亡,adcode,name,新增疑似,累计疑似,新增确诊,累计确诊,新增死亡,累计死亡,adcode,name,OBJECTID_1,新增疑似,累计疑似,新增确诊,累计确诊,新增死亡,累计死亡,adcode,name,OBJECTID_1,新增疑似,累计疑似,新增确诊,累计确诊,新增死亡,累计死亡,adcode,name,OBJECTID_1,新增疑似,累计疑似,新增确诊,累计确诊,新增死亡,累计死亡,adcode,name,OBJECTID_1,新增疑似,累计疑似,新增确诊,累计确诊,新增死亡,累计死亡,adcode,name,OBJECTID_1,新增疑似,累计疑似,新增确诊,累计确诊,新增死亡,累计死亡,adcode,name,OBJECTID1,新增疑似,累计疑似,新增确诊,累计确诊,新增死亡,累计死亡,adcode,name,OBJECTID1,新增疑似,累计疑似,新增确诊,累计确诊,新增死亡,累计死亡,adcode,name,OBJECTID1,新增疑似,累计疑似,新增确诊,累计确诊,新增死亡,累计死亡,adcode,name,OBJECTID1,新增疑似,累计疑似,新增确诊,累计确诊,新增死亡,累计死亡,adcode,name,OBJECTID1,新增疑似,累计疑似,新增确诊,累计确诊,新增死亡,累计死亡,adcode,name,新增疑似,累计疑似,新增确诊,累计确诊,新增死亡,累计死亡,adcode,name,新增疑似,累计疑似,新增确诊,累计确诊,新增死亡,累计死亡,adcode,name,OBJECTID1,新增疑似,累计疑似,新增确诊,累计确诊,新增死亡,累计死亡,adcode,name,OBJECTID1,新增疑似,累计疑似,新增确诊,累计确诊,新增死亡,累计死亡,adcode,name,OBJECTID1,新增疑似,累计疑似,新增确诊,累计确诊,新增死亡,累计死亡,adcode,name,OBJECTID1,新增疑似,累计疑似,新增确诊,累计确诊,新增死亡,累计死亡,adcode,name,OBJECTID1,新增疑似,累计疑似,新增确诊,累计确诊,新增死亡,累计死亡,adcode,name,OBJECTID1,新增疑似,累计疑似,新增确诊,累计确诊,新增死亡,累计死亡,adcode,name,OBJECTID1,新增疑似,累计疑似,新增确诊,累计确诊,新增死亡,累计死亡,adcode,name,OBJECTID1,新增疑似,累计疑似,新增确诊,累计确诊,新增死亡,累计死亡,adcode,name,OBJECTID1,新增疑似,累计疑似,新增确诊,累计确诊,新增死亡,累计死亡,adcode,name,OBJECTID1,新增疑似,累计疑似,新增确诊,累计确诊,新增死亡,累计死亡,adcode,name,OBJECTID1,新增疑似,累计疑似,新增确诊,累计确诊,新增死亡,累计死亡,adcode,name,OBJECTID1,新增疑似,累计疑似,新增确诊,累计确诊,新增死亡,累计死亡,adcode,name,OBJECTID1,新增疑似,累计疑似,新增确诊,累计确诊,新增死亡,累计死亡
0,110000,北京市,0,0,0,0,0,0,110000,北京市,0,0,0,0,0,0,110000,北京市,0,0,0,0,0,0,110000,北京市,0,0,0,0,0,0,110000,北京市,0,0,3,5,0,0,110000,北京市,0,0,5,10,0,0,110000,北京市,0,0,4,14,0,0,110000,北京市,0,0,12,26,0,0,110000,北京市,0,0,10,36,0,0,110000,北京市,0,0,15,51,0,0,110000,北京市,0,0,16,67,0,0,110000,北京市,0,0,13,80,1,1,110000,北京市,0,0,16,96,0,1,110000,北京市,0,0,16,112,0,1,110000,北京市,0,0,20,132,0,1,110000,北京市,0,0,24,156,0,1,110000,北京市,0,0,27,183,0,1,110000,北京市,0,0,32,212,0,1,110000,北京市,65,141,16,228,0,1,110000,北京市,63,160,25,253,0,1,110000,北京市,65,170,21,274,0,1,110000,北京市,51,157,23,297,0,1,110000,北京市,83,163,18,315,1,2,110000,北京市,64,184,11,326,0,2,110000,北京市,1,94,207,11,337,0,2,110000,北京市,1,86,236,5,342,1,3,110000,北京市,1,86,218,10,352,0,3,110000,北京市,1,61,194,14,366,0,3,110000,北京市,1,54,167,6,372,0,3,110000,北京市,1,51,155,3,375,1,4,110000,北京市,1,35,122,5,380,0,4,110000,北京市,1,33,116,1,381,0,4,110000,北京市,1,49,128,6,387,0,4,110000,北京市,1,58,145,6,393,0,4,110000,北京市,25,125,2,395,0,4,110000,北京市,41,114,1,396,0,4,110000,北京市,1,26,104,3,399,0,4,110000,北京市,1,35,100,0,399,0,4,110000,北京市,1,30,94,0,399,0,4,110000,北京市,1,18,73,1,400,0,4,110000,北京市,1,21,57,0,400,0,4,110000,北京市,1,10,46,10,410,1,5,110000,北京市,1,12,38,0,410,2,7,110000,北京市,1,9,33,1,411,1,8,110000,北京市,1,18,39,2,413,0,8,110000,北京市,1,12,42,1,414,0,8,110000,北京市,1,14,37,0,414,0,8,110000,北京市,1,11,38,3,417,0,8,110000,北京市,1,10,34,1,418,0,8
1,120000,天津市,0,0,0,0,0,0,120000,天津市,0,0,0,0,0,0,120000,天津市,0,0,0,0,0,0,120000,天津市,0,0,0,0,0,0,120000,天津市,0,0,0,0,0,0,120000,天津市,0,0,2,2,0,0,120000,天津市,0,0,2,4,0,0,120000,天津市,14,47,1,5,0,0,120000,天津市,27,51,3,8,0,0,120000,天津市,40,61,2,10,0,0,120000,天津市,48,85,5,15,0,0,120000,天津市,44,88,8,23,0,0,120000,天津市,45,103,2,25,0,0,120000,天津市,40,104,2,27,0,0,120000,天津市,77,150,5,32,0,0,120000,天津市,53,142,2,34,0,0,120000,天津市,57,112,11,45,0,0,120000,天津市,65,133,4,49,0,0,120000,天津市,85,168,14,63,0,0,120000,天津市,97,190,4,67,0,0,120000,天津市,97,190,3,70,1,1,120000,天津市,101,228,9,79,0,1,120000,天津市,132,297,2,81,0,1,120000,天津市,123,287,7,88,0,1,120000,天津市,2,120,292,3,91,0,1,120000,天津市,2,129,278,5,96,1,2,120000,天津市,2,150,328,10,106,0,2,120000,天津市,2,152,354,6,112,1,3,120000,天津市,2,172,387,7,119,0,3,120000,天津市,2,128,357,1,120,0,3,120000,天津市,2,109,348,2,122,0,3,120000,天津市,2,88,285,2,124,0,3,120000,天津市,2,83,249,1,125,0,3,120000,天津市,2,62,215,3,128,0,3,120000,天津市,57,200,2,130,0,3,120000,天津市,37,173,1,131,0,3,120000,天津市,2,31,131,2,133,0,3,120000,天津市,2,51,141,2,135,0,3,120000,天津市,2,22,108,0,135,0,3,120000,天津市,2,38,90,0,135,0,3,120000,天津市,2,14,75,0,135,0,3,120000,天津市,2,20,53,0,135,0,3,120000,天津市,2,24,55,1,136,0,3,120000,天津市,2,14,47,0,136,0,3,120000,天津市,2,11,39,0,136,0,3,120000,天津市,2,9,26,0,136,0,3,120000,天津市,2,17,31,0,136,0,3,120000,天津市,2,17,35,0,136,0,3,120000,天津市,2,11,33,0,136,0,3
2,130000,河北省,0,0,0,0,0,0,130000,河北省,0,0,0,0,0,0,130000,河北省,0,0,0,0,0,0,130000,河北省,0,0,0,0,0,0,130000,河北省,0,0,0,0,0,0,130000,河北省,0,0,0,0,0,0,130000,河北省,0,0,1,1,0,0,130000,河北省,0,0,1,2,1,1,130000,河北省,0,0,6,8,0,1,130000,河北省,7,5,5,13,0,1,130000,河北省,11,13,5,18,0,1,130000,河北省,38,20,15,33,0,1,130000,河北省,45,56,15,48,0,1,130000,河北省,38,68,17,65,0,1,130000,河北省,51,78,17,82,0,1,130000,河北省,47,88,14,96,0,1,130000,河北省,60,104,8,104,0,1,130000,河北省,50,108,9,113,0,1,130000,河北省,41,93,13,126,0,1,130000,河北省,58,117,9,135,0,1,130000,河北省,60,133,22,157,0,1,130000,河北省,44,117,14,171,0,1,130000,河北省,36,81,24,195,0,1,130000,河北省,26,76,11,206,1,2,130000,河北省,3,9,61,12,218,0,2,130000,河北省,3,15,44,21,239,0,2,130000,河北省,3,20,43,12,251,0,2,130000,河北省,3,11,37,14,265,1,3,130000,河北省,3,12,39,18,283,0,3,130000,河北省,3,8,33,8,291,0,3,130000,河北省,3,2,26,9,300,0,3,130000,河北省,3,2,13,1,301,0,3,130000,河北省,3,1,6,1,302,1,4,130000,河北省,3,0,0,4,306,0,4,130000,河北省,0,0,1,307,1,5,130000,河北省,0,0,1,308,0,5,130000,河北省,3,0,0,1,309,1,6,130000,河北省,3,0,0,2,311,0,6,130000,河北省,3,0,0,0,311,0,6,130000,河北省,3,0,0,0,311,0,6,130000,河北省,3,0,0,1,312,0,6,130000,河北省,3,0,0,5,317,0,6,130000,河北省,3,0,0,1,318,0,6,130000,河北省,3,0,0,0,318,0,6,130000,河北省,3,0,0,0,318,0,6,130000,河北省,3,0,0,0,318,0,6,130000,河北省,3,0,0,0,318,0,6,130000,河北省,3,0,0,0,318,0,6,130000,河北省,3,0,0,0,318,0,6
3,140000,山西省,0,0,0,0,0,0,140000,山西省,0,0,0,0,0,0,140000,山西省,0,0,0,0,0,0,140000,山西省,0,0,0,0,0,0,140000,山西省,0,0,0,0,0,0,140000,山西省,0,1,0,0,0,0,140000,山西省,1,1,1,1,0,0,140000,山西省,22,22,0,1,0,0,140000,山西省,9,19,5,6,0,0,140000,山西省,14,28,3,9,0,0,140000,山西省,34,57,4,13,0,0,140000,山西省,23,44,7,20,0,0,140000,山西省,21,41,7,27,0,0,140000,山西省,28,54,8,35,0,0,140000,山西省,23,67,4,39,0,0,140000,山西省,28,75,8,47,0,0,140000,山西省,26,64,9,56,0,0,140000,山西省,32,64,10,66,0,0,140000,山西省,21,62,8,74,0,0,140000,山西省,14,42,7,81,0,0,140000,山西省,20,42,9,90,0,0,140000,山西省,22,54,6,96,0,0,140000,山西省,28,58,8,104,0,0,140000,山西省,30,71,12,115,0,0,140000,山西省,4,18,63,4,119,0,0,140000,山西省,4,27,58,3,122,0,0,140000,山西省,4,23,65,2,124,0,0,140000,山西省,4,24,72,2,126,0,0,140000,山西省,4,24,71,0,126,0,0,140000,山西省,4,12,62,1,127,0,0,140000,山西省,4,15,43,1,128,0,0,140000,山西省,4,5,32,1,129,0,0,140000,山西省,4,6,26,1,130,0,0,140000,山西省,4,3,22,1,131,0,0,140000,山西省,1,11,0,131,0,0,140000,山西省,5,11,1,132,0,0,140000,山西省,4,2,12,0,132,0,0,140000,山西省,4,1,11,0,132,0,0,140000,山西省,4,4,12,0,132,0,0,140000,山西省,4,0,10,1,133,0,0,140000,山西省,4,1,9,0,133,0,0,140000,山西省,4,1,9,0,133,0,0,140000,山西省,4,0,5,0,133,0,0,140000,山西省,4,0,0,0,133,0,0,140000,山西省,4,0,0,0,133,0,0,140000,山西省,4,0,0,0,133,0,0,140000,山西省,4,0,0,0,133,0,0,140000,山西省,4,0,0,0,133,0,0,140000,山西省,4,0,0,0,133,0,0
4,150000,内蒙古自治区,0,0,0,0,0,0,150000,内蒙古自治区,0,0,0,0,0,0,150000,内蒙古自治区,0,0,0,0,0,0,150000,内蒙古自治区,0,0,0,0,0,0,150000,内蒙古自治区,0,0,0,0,0,0,150000,内蒙古自治区,0,0,0,0,0,0,150000,内蒙古自治区,0,0,0,0,0,0,150000,内蒙古自治区,2,2,1,1,0,0,150000,内蒙古自治区,4,5,1,2,0,0,150000,内蒙古自治区,0,0,5,7,0,0,150000,内蒙古自治区,4,1,4,11,0,0,150000,内蒙古自治区,1,2,2,13,0,0,150000,内蒙古自治区,3,3,3,16,0,0,150000,内蒙古自治区,0,0,2,18,0,0,150000,内蒙古自治区,1,1,2,20,0,0,150000,内蒙古自治区,4,4,3,23,0,0,150000,内蒙古自治区,5,7,3,26,0,0,150000,内蒙古自治区,1,4,7,33,0,0,150000,内蒙古自治区,0,2,4,37,0,0,150000,内蒙古自治区,0,1,5,42,0,0,150000,内蒙古自治区,4,5,4,46,0,0,150000,内蒙古自治区,6,9,3,49,0,0,150000,内蒙古自治区,4,12,1,50,0,0,150000,内蒙古自治区,3,11,4,54,0,0,150000,内蒙古自治区,5,3,12,4,58,0,0,150000,内蒙古自治区,5,2,10,0,58,0,0,150000,内蒙古自治区,5,1,11,2,60,0,0,150000,内蒙古自治区,5,3,13,1,61,0,0,150000,内蒙古自治区,5,1,12,2,63,0,0,150000,内蒙古自治区,5,7,16,5,68,0,0,150000,内蒙古自治区,5,4,19,2,70,0,0,150000,内蒙古自治区,5,3,17,2,72,0,0,150000,内蒙古自治区,5,0,16,1,73,0,0,150000,内蒙古自治区,5,3,17,2,75,0,0,150000,内蒙古自治区,0,17,0,75,0,0,150000,内蒙古自治区,0,16,0,75,0,0,150000,内蒙古自治区,5,0,15,0,75,0,0,150000,内蒙古自治区,5,0,14,0,75,0,0,150000,内蒙古自治区,5,0,14,0,75,0,0,150000,内蒙古自治区,5,0,13,0,75,0,0,150000,内蒙古自治区,5,0,11,0,75,0,0,150000,内蒙古自治区,5,0,11,0,75,0,0,150000,内蒙古自治区,5,0,10,0,75,0,0,150000,内蒙古自治区,5,0,10,0,75,0,0,150000,内蒙古自治区,5,0,8,0,75,0,0,150000,内蒙古自治区,5,0,8,0,75,0,0,150000,内蒙古自治区,5,0,2,0,75,0,0,150000,内蒙古自治区,5,0,1,0,75,1,1,150000,内蒙古自治区,5,0,1,0,75,0,1
5,210000,辽宁省,0,0,0,0,0,0,210000,辽宁省,0,0,0,0,0,0,210000,辽宁省,0,0,0,0,0,0,210000,辽宁省,0,0,0,0,0,0,210000,辽宁省,0,0,0,0,0,0,210000,辽宁省,0,0,0,0,0,0,210000,辽宁省,0,0,2,2,0,0,210000,辽宁省,0,0,2,4,0,0,210000,辽宁省,0,0,8,12,0,0,210000,辽宁省,18,24,5,17,0,0,210000,辽宁省,37,40,5,22,0,0,210000,辽宁省,22,52,5,27,0,0,210000,辽宁省,40,72,9,36,0,0,210000,辽宁省,35,85,3,39,0,0,210000,辽宁省,45,89,6,45,0,0,210000,辽宁省,55,122,15,60,0,0,210000,辽宁省,48,116,4,64,0,0,210000,辽宁省,56,113,6,70,0,0,210000,辽宁省,42,120,4,74,0,0,210000,辽宁省,35,127,7,81,0,0,210000,辽宁省,42,143,8,89,0,0,210000,辽宁省,47,169,5,94,0,0,210000,辽宁省,86,226,5,99,0,0,210000,辽宁省,73,263,6,105,0,0,210000,辽宁省,6,81,280,2,107,0,0,210000,辽宁省,6,102,331,1,108,0,0,210000,辽宁省,6,82,287,3,111,0,0,210000,辽宁省,6,86,306,5,116,1,1,210000,辽宁省,6,66,262,1,117,0,1,210000,辽宁省,6,66,257,2,119,0,1,210000,辽宁省,6,69,275,1,120,0,1,210000,辽宁省,6,45,243,1,121,0,1,210000,辽宁省,6,64,191,0,121,0,1,210000,辽宁省,6,64,168,0,121,0,1,210000,辽宁省,26,155,0,121,0,1,210000,辽宁省,20,77,0,121,0,1,210000,辽宁省,6,14,40,0,121,0,1,210000,辽宁省,6,13,34,0,121,0,1,210000,辽宁省,6,15,38,0,121,0,1,210000,辽宁省,6,9,36,0,121,0,1,210000,辽宁省,6,6,24,0,121,0,1,210000,辽宁省,6,14,29,0,121,0,1,210000,辽宁省,6,22,44,0,121,0,1,210000,辽宁省,6,15,29,0,121,0,1,210000,辽宁省,6,11,24,1,122,0,1,210000,辽宁省,6,16,31,0,122,0,1,210000,辽宁省,6,18,38,3,125,0,1,210000,辽宁省,6,36,55,0,125,0,1,210000,辽宁省,6,32,85,0,125,0,1
6,220000,吉林省,0,0,0,0,0,0,220000,吉林省,0,0,0,0,0,0,220000,吉林省,0,0,0,0,0,0,220000,吉林省,0,0,0,0,0,0,220000,吉林省,0,1,0,0,0,0,220000,吉林省,0,1,0,0,0,0,220000,吉林省,0,0,1,1,0,0,220000,吉林省,0,0,2,3,0,0,220000,吉林省,0,0,1,4,0,0,220000,吉林省,3,3,0,4,0,0,220000,吉林省,1,3,2,6,0,0,220000,吉林省,1,3,2,8,0,0,220000,吉林省,1,2,1,9,0,0,220000,吉林省,5,10,5,14,0,0,220000,吉林省,3,10,0,14,0,0,220000,吉林省,6,10,3,17,0,0,220000,吉林省,10,14,6,23,0,0,220000,吉林省,12,17,8,31,0,0,220000,吉林省,17,24,11,42,0,0,220000,吉林省,48,58,12,54,0,0,220000,吉林省,37,69,5,59,0,0,220000,吉林省,29,71,6,65,1,1,220000,吉林省,13,67,4,69,0,1,220000,吉林省,19,56,9,78,0,1,220000,吉林省,7,15,40,2,80,0,1,220000,吉林省,7,24,47,1,81,0,1,220000,吉林省,7,24,57,2,83,0,1,220000,吉林省,7,12,55,1,84,0,1,220000,吉林省,7,10,39,2,86,0,1,220000,吉林省,7,8,27,2,88,0,1,220000,吉林省,7,16,37,1,89,0,1,220000,吉林省,7,9,36,0,89,0,1,220000,吉林省,7,14,34,0,89,0,1,220000,吉林省,7,11,36,1,90,0,1,220000,吉林省,9,31,1,91,0,1,220000,吉林省,4,18,0,91,0,1,220000,吉林省,7,7,20,0,91,0,1,220000,吉林省,7,7,19,0,91,0,1,220000,吉林省,7,7,20,2,93,0,1,220000,吉林省,7,14,27,0,93,0,1,220000,吉林省,7,2,18,0,93,0,1,220000,吉林省,7,2,3,0,93,0,1,220000,吉林省,7,3,5,0,93,0,1,220000,吉林省,7,3,6,0,93,0,1,220000,吉林省,7,6,9,0,93,0,1,220000,吉林省,7,2,9,0,93,0,1,220000,吉林省,7,2,4,0,93,0,1,220000,吉林省,7,0,2,0,93,0,1,220000,吉林省,7,0,2,0,93,0,1
7,230000,黑龙江省,0,0,0,0,0,0,230000,黑龙江省,0,0,0,0,0,0,230000,黑龙江省,0,0,0,0,0,0,230000,黑龙江省,0,0,0,0,0,0,230000,黑龙江省,0,0,0,0,0,0,230000,黑龙江省,0,1,0,0,0,0,230000,黑龙江省,0,0,1,1,0,0,230000,黑龙江省,2,12,2,3,0,0,230000,黑龙江省,12,18,6,9,1,1,230000,黑龙江省,9,13,6,15,0,1,230000,黑龙江省,40,47,6,21,0,1,230000,黑龙江省,36,67,9,30,0,1,230000,黑龙江省,45,68,7,37,0,1,230000,黑龙江省,48,105,6,43,0,1,230000,黑龙江省,76,128,16,59,1,2,230000,黑龙江省,76,149,21,80,0,2,230000,黑龙江省,78,172,15,95,0,2,230000,黑龙江省,73,163,23,118,0,2,230000,黑龙江省,93,178,39,155,0,2,230000,黑龙江省,78,184,35,190,0,2,230000,黑龙江省,109,222,37,227,1,3,230000,黑龙江省,88,210,50,277,0,3,230000,黑龙江省,117,234,19,282,2,5,230000,黑龙江省,104,258,26,307,1,6,230000,黑龙江省,8,65,224,24,331,1,7,230000,黑龙江省,8,77,181,29,360,1,8,230000,黑龙江省,8,43,171,18,378,0,8,230000,黑龙江省,8,56,146,17,395,1,9,230000,黑龙江省,8,35,133,23,418,2,11,230000,黑龙江省,8,48,135,7,425,0,11,230000,黑龙江省,8,44,122,20,445,0,11,230000,黑龙江省,8,27,108,12,457,0,11,230000,黑龙江省,8,32,101,7,464,0,11,230000,黑龙江省,8,21,75,6,470,1,12,230000,黑龙江省,4,23,6,476,0,12,230000,黑龙江省,1,1,3,479,0,12,230000,黑龙江省,8,0,1,0,479,0,12,230000,黑龙江省,8,0,0,1,480,0,12,230000,黑龙江省,8,0,0,0,480,0,12,230000,黑龙江省,8,0,0,0,480,0,12,230000,黑龙江省,8,0,0,0,480,0,12,230000,黑龙江省,8,0,0,0,480,1,13,230000,黑龙江省,8,0,0,0,480,0,13,230000,黑龙江省,8,0,0,0,480,0,13,230000,黑龙江省,8,0,0,0,480,0,13,230000,黑龙江省,8,0,0,0,480,0,13,230000,黑龙江省,8,0,0,0,480,0,13,230000,黑龙江省,8,2,2,0,480,0,13,230000,黑龙江省,8,0,1,1,481,0,13
8,310000,上海市,0,0,0,0,0,0,310000,上海市,0,0,0,0,0,0,310000,上海市,0,0,0,0,0,0,310000,上海市,0,0,0,0,0,0,310000,上海市,7,7,2,2,0,0,310000,上海市,10,10,7,9,0,0,310000,上海市,16,16,7,16,0,0,310000,上海市,34,34,4,20,0,0,310000,上海市,81,72,13,33,0,0,310000,上海市,52,95,7,40,1,1,310000,上海市,65,90,13,53,0,1,310000,上海市,70,129,13,66,0,1,310000,上海市,70,167,14,80,0,1,310000,上海市,46,180,21,101,0,1,310000,上海市,91,164,27,128,0,1,310000,上海市,99,167,25,153,0,1,310000,上海市,103,168,24,177,0,1,310000,上海市,96,173,16,193,0,1,310000,上海市,84,168,15,208,0,1,310000,上海市,113,194,25,233,0,1,310000,上海市,102,196,21,254,0,1,310000,上海市,94,166,15,269,0,1,310000,上海市,120,181,12,281,0,1,310000,上海市,99,205,11,292,0,1,310000,上海市,9,118,223,3,295,0,1,310000,上海市,9,88,180,7,302,0,1,310000,上海市,9,124,177,4,306,0,1,310000,上海市,9,95,183,7,313,0,1,310000,上海市,9,81,156,5,318,0,1,310000,上海市,9,87,143,8,326,0,1,310000,上海市,9,75,142,2,328,0,1,310000,上海市,9,67,117,3,331,0,1,310000,上海市,9,65,97,2,333,0,1,310000,上海市,9,78,127,0,333,0,1,310000,上海市,56,115,0,333,1,2,310000,上海市,62,107,1,334,0,2,310000,上海市,9,48,100,0,334,1,3,310000,上海市,9,52,99,1,335,0,3,310000,上海市,9,36,90,0,335,0,3,310000,上海市,9,30,64,0,335,0,3,310000,上海市,9,46,78,1,336,0,3,310000,上海市,9,33,74,1,337,0,3,310000,上海市,9,36,64,0,337,0,3,310000,上海市,9,28,57,0,337,0,3,310000,上海市,9,10,32,0,337,0,3,310000,上海市,9,11,17,0,337,0,3,310000,上海市,9,9,19,1,338,0,3,310000,上海市,9,19,26,0,338,0,3,310000,上海市,9,17,32,0,338,0,3
9,320000,江苏省,0,0,0,0,0,0,320000,江苏省,0,0,0,0,0,0,320000,江苏省,0,0,0,0,0,0,320000,江苏省,0,0,0,0,0,0,320000,江苏省,0,0,0,0,0,0,320000,江苏省,0,0,0,0,0,0,320000,江苏省,0,0,1,1,0,0,320000,江苏省,0,0,4,5,0,0,320000,江苏省,0,0,9,14,0,0,320000,江苏省,0,0,17,31,0,0,320000,江苏省,0,0,16,47,0,0,320000,江苏省,0,0,23,70,0,0,320000,江苏省,0,0,29,99,0,0,320000,江苏省,0,0,30,129,0,0,320000,江苏省,0,0,39,168,0,0,320000,江苏省,36,42,34,202,0,0,320000,江苏省,34,47,34,236,0,0,320000,江苏省,26,44,35,271,0,0,320000,江苏省,39,47,37,308,0,0,320000,江苏省,42,43,33,341,0,0,320000,江苏省,48,55,32,373,0,0,320000,江苏省,34,59,35,408,0,0,320000,江苏省,28,68,31,439,0,0,320000,江苏省,24,67,29,468,0,0,320000,江苏省,10,25,67,24,492,0,0,320000,江苏省,10,19,64,23,515,0,0,320000,江苏省,10,22,62,28,543,0,0,320000,江苏省,10,17,59,27,570,0,0,320000,江苏省,10,14,49,23,593,0,0,320000,江苏省,10,3,41,11,604,0,0,320000,江苏省,10,9,32,13,617,0,0,320000,江苏省,10,3,22,9,626,0,0,320000,江苏省,10,4,22,3,629,0,0,320000,江苏省,10,0,20,2,631,0,0,320000,江苏省,1,13,0,631,0,0,320000,江苏省,1,12,0,631,0,0,320000,江苏省,10,0,11,0,631,0,0,320000,江苏省,10,0,11,0,631,0,0,320000,江苏省,10,0,11,0,631,0,0,320000,江苏省,10,0,11,0,631,0,0,320000,江苏省,10,0,9,0,631,0,0,320000,江苏省,10,0,8,0,631,0,0,320000,江苏省,10,0,8,0,631,0,0,320000,江苏省,10,0,7,0,631,0,0,320000,江苏省,10,0,5,0,631,0,0,320000,江苏省,10,0,5,0,631,0,0,320000,江苏省,10,0,4,0,631,0,0,320000,江苏省,10,0,4,0,631,0,0,320000,江苏省,10,0,3,0,631,0,0
10,330000,浙江省,0,0,0,0,0,0,330000,浙江省,0,0,0,0,0,0,330000,浙江省,0,0,0,0,0,0,330000,浙江省,0,0,0,0,0,0,330000,浙江省,10,16,0,0,0,0,330000,浙江省,10,10,5,5,0,0,330000,浙江省,26,38,5,10,0,0,330000,浙江省,14,29,20,30,0,0,330000,浙江省,0,27,19,62,0,0,330000,浙江省,0,20,42,104,0,0,330000,浙江省,68,63,24,128,0,0,330000,浙江省,52,115,45,173,0,0,330000,浙江省,105,101,123,296,0,0,330000,浙江省,103,117,132,428,0,0,330000,浙江省,102,154,109,537,0,0,330000,浙江省,111,202,62,599,0,0,330000,浙江省,109,207,62,661,0,0,330000,浙江省,102,201,63,724,0,0,330000,浙江省,173,258,105,829,0,0,330000,浙江省,144,299,66,895,0,0,330000,浙江省,155,322,59,954,0,0,330000,浙江省,236,422,52,1006,0,0,330000,浙江省,112,345,42,1048,0,0,330000,浙江省,77,345,27,1075,0,0,330000,浙江省,11,83,334,29,1104,0,0,330000,浙江省,11,63,305,25,1117,0,0,330000,浙江省,11,49,263,14,1131,0,0,330000,浙江省,11,28,196,14,1145,0,0,330000,浙江省,11,22,121,10,1155,0,0,330000,浙江省,11,23,88,7,1162,0,0,330000,浙江省,11,23,82,5,1167,0,0,330000,浙江省,11,13,70,4,1171,0,0,330000,浙江省,11,15,58,1,1172,0,0,330000,浙江省,11,9,53,1,1173,0,0,330000,浙江省,6,35,2,1175,0,0,330000,浙江省,4,26,28,1203,1,1,330000,浙江省,11,4,19,2,1205,0,1,330000,浙江省,11,2,19,0,1205,0,1,330000,浙江省,11,5,19,0,1205,0,1,330000,浙江省,11,1,17,0,1205,0,1,330000,浙江省,11,2,13,0,1205,0,1,330000,浙江省,11,0,10,0,1205,0,1,330000,浙江省,11,0,6,0,1205,0,1,330000,浙江省,11,0,3,0,1205,0,1,330000,浙江省,11,0,2,0,1205,0,1,330000,浙江省,11,4,6,1,1206,0,1,330000,浙江省,11,0,2,7,1213,0,1,330000,浙江省,11,2,4,0,1213,0,1,330000,浙江省,11,1,4,2,1215,0,1
11,340000,安徽省,0,0,0,0,0,0,340000,安徽省,0,0,0,0,0,0,340000,安徽省,0,0,0,0,0,0,340000,安徽省,0,0,0,0,0,0,340000,安徽省,1,1,0,0,0,0,340000,安徽省,2,3,0,0,0,0,340000,安徽省,6,8,1,1,0,0,340000,安徽省,14,14,14,15,0,0,340000,安徽省,26,20,24,39,0,0,340000,安徽省,18,15,21,60,0,0,340000,安徽省,36,43,10,70,0,0,340000,安徽省,38,42,36,106,0,0,340000,安徽省,43,55,46,152,0,0,340000,安徽省,45,67,48,200,0,0,340000,安徽省,71,98,37,237,0,0,340000,安徽省,77,117,60,297,0,0,340000,安徽省,82,160,43,340,0,0,340000,安徽省,75,153,68,408,0,0,340000,安徽省,57,124,72,480,0,0,340000,安徽省,63,130,50,530,0,0,340000,安徽省,84,141,61,591,0,0,340000,安徽省,78,141,74,665,0,0,340000,安徽省,70,140,68,733,0,0,340000,安徽省,48,126,46,779,1,1,340000,安徽省,12,61,115,51,830,2,3,340000,安徽省,12,33,92,30,860,1,4,340000,安徽省,12,39,79,29,889,0,4,340000,安徽省,12,38,69,22,910,1,5,340000,安徽省,12,16,52,24,934,1,6,340000,安徽省,12,13,45,16,950,0,6,340000,安徽省,12,6,32,12,962,0,6,340000,安徽省,12,9,34,11,973,0,6,340000,安徽省,12,7,20,9,982,0,6,340000,安徽省,12,0,13,4,986,0,6,340000,安徽省,0,11,1,987,0,6,340000,安徽省,1,7,1,988,0,6,340000,安徽省,12,0,4,1,989,0,6,340000,安徽省,12,0,4,0,989,0,6,340000,安徽省,12,0,4,0,989,0,6,340000,安徽省,12,0,2,0,989,0,6,340000,安徽省,12,0,0,0,989,0,6,340000,安徽省,12,0,0,0,989,0,6,340000,安徽省,12,0,0,1,990,0,6,340000,安徽省,12,0,0,0,990,0,6,340000,安徽省,12,0,0,0,990,0,6,340000,安徽省,12,0,0,0,990,0,6,340000,安徽省,12,0,0,0,990,0,6,340000,安徽省,12,0,0,0,990,0,6,340000,安徽省,12,0,0,0,990,0,6
12,350000,福建省,0,0,0,0,0,0,350000,福建省,0,0,0,0,0,0,350000,福建省,0,0,0,0,0,0,350000,福建省,0,0,0,0,0,0,350000,福建省,0,0,0,0,0,0,350000,福建省,0,0,0,0,0,0,350000,福建省,1,1,1,1,0,0,350000,福建省,4,4,4,5,0,0,350000,福建省,6,7,5,10,0,0,350000,福建省,25,27,8,18,0,0,350000,福建省,49,59,17,35,0,0,350000,福建省,37,68,24,59,0,0,350000,福建省,45,80,23,82,0,0,350000,福建省,54,110,19,101,0,0,350000,福建省,58,116,19,120,0,0,350000,福建省,53,111,24,144,0,0,350000,福建省,39,99,15,159,0,0,350000,福建省,47,96,20,179,0,0,350000,福建省,32,87,15,194,0,0,350000,福建省,40,91,11,205,0,0,350000,福建省,22,78,10,215,0,0,350000,福建省,45,94,9,224,0,0,350000,福建省,38,99,15,239,0,0,350000,福建省,22,85,11,250,0,0,350000,福建省,13,24,81,11,261,0,0,350000,福建省,13,19,72,6,267,0,0,350000,福建省,13,19,74,5,272,0,0,350000,福建省,13,16,69,7,279,0,0,350000,福建省,13,23,73,2,281,0,0,350000,福建省,13,6,55,4,285,0,0,350000,福建省,13,2,39,2,287,0,0,350000,福建省,13,3,31,3,290,0,0,350000,福建省,13,2,27,2,292,0,0,350000,福建省,13,4,25,1,293,0,0,350000,福建省,0,18,0,293,1,1,350000,福建省,0,6,0,293,0,1,350000,福建省,13,0,2,0,293,0,1,350000,福建省,13,0,0,0,293,0,1,350000,福建省,13,1,1,0,293,0,1,350000,福建省,13,0,0,1,294,0,1,350000,福建省,13,0,0,0,294,0,1,350000,福建省,13,0,0,2,296,0,1,350000,福建省,13,0,0,0,296,0,1,350000,福建省,13,0,0,0,296,0,1,350000,福建省,13,0,0,0,296,0,1,350000,福建省,13,0,0,0,296,0,1,350000,福建省,13,0,0,0,296,0,1,350000,福建省,13,0,0,0,296,0,1,350000,福建省,13,0,0,0,296,0,1
13,360000,江西省,0,0,0,0,0,0,360000,江西省,0,0,0,0,0,0,360000,江西省,0,0,0,0,0,0,360000,江西省,0,0,0,0,0,0,360000,江西省,0,2,0,0,0,0,360000,江西省,0,0,2,2,0,0,360000,江西省,5,5,1,3,0,0,360000,江西省,12,17,4,7,0,0,360000,江西省,27,38,11,18,0,0,360000,江西省,21,30,18,36,0,0,360000,江西省,50,68,12,48,0,0,360000,江西省,46,88,24,72,0,0,360000,江西省,60,107,37,109,0,0,360000,江西省,61,123,53,162,0,0,360000,江西省,106,197,78,240,0,0,360000,江西省,118,260,47,286,0,0,360000,江西省,100,312,47,333,0,0,360000,江西省,104,359,59,391,0,0,360000,江西省,92,319,85,476,0,0,360000,江西省,116,343,72,548,0,0,360000,江西省,72,312,52,600,0,0,360000,江西省,73,249,61,661,0,0,360000,江西省,69,218,37,698,0,0,360000,江西省,52,200,42,740,0,0,360000,江西省,14,57,183,32,771,1,1,360000,江西省,14,55,170,32,804,0,1,360000,江西省,14,37,155,40,844,0,1,360000,江西省,14,25,120,28,872,0,1,360000,江西省,14,43,106,28,900,0,1,360000,江西省,14,21,60,13,913,0,1,360000,江西省,14,7,31,13,925,0,1,360000,江西省,14,2,19,5,930,0,1,360000,江西省,14,0,11,3,933,0,1,360000,江西省,14,0,6,1,934,0,1,360000,江西省,0,4,1,934,0,1,360000,江西省,0,2,0,934,0,1,360000,江西省,14,0,2,0,934,0,1,360000,江西省,14,0,0,0,934,0,1,360000,江西省,14,0,0,0,934,0,1,360000,江西省,14,0,0,0,934,0,1,360000,江西省,14,0,0,0,934,0,1,360000,江西省,14,0,0,0,934,0,1,360000,江西省,14,0,0,1,935,0,1,360000,江西省,14,1,1,0,935,0,1,360000,江西省,14,0,0,0,935,0,1,360000,江西省,14,0,0,0,935,0,1,360000,江西省,14,1,1,0,935,0,1,360000,江西省,14,0,1,0,935,0,1,360000,江西省,14,0,1,0,935,0,1
14,370000,山东省,0,0,0,0,0,0,370000,山东省,0,0,0,0,0,0,370000,山东省,0,0,0,0,0,0,370000,山东省,0,0,0,0,0,0,370000,山东省,0,1,0,0,0,0,370000,山东省,0,0,1,1,0,0,370000,山东省,5,5,1,2,0,0,370000,山东省,9,9,7,9,0,0,370000,山东省,14,11,12,21,0,0,370000,山东省,12,11,18,39,0,0,370000,山东省,33,35,22,61,0,0,370000,山东省,24,42,26,87,0,0,370000,山东省,39,55,34,121,0,0,370000,山东省,37,79,24,145,0,0,370000,山东省,54,90,33,178,0,0,370000,山东省,30,83,24,202,0,0,370000,山东省,42,81,23,225,0,0,370000,山东省,28,62,21,246,0,0,370000,山东省,33,70,24,270,0,0,370000,山东省,49,94,28,298,0,0,370000,山东省,37,85,45,343,0,0,370000,山东省,48,96,36,379,0,0,370000,山东省,47,100,28,407,0,0,370000,山东省,40,88,28,435,1,1,370000,山东省,15,26,75,24,459,0,1,370000,山东省,15,28,66,27,486,0,1,370000,山东省,15,34,71,11,497,0,1,370000,山东省,15,21,69,9,506,1,2,370000,山东省,15,37,83,13,519,0,2,370000,山东省,15,27,73,11,530,0,2,370000,山东省,15,22,66,7,537,0,2,370000,山东省,15,21,67,4,541,0,2,370000,山东省,15,17,61,2,543,0,2,370000,山东省,15,8,38,1,544,1,3,370000,山东省,10,38,2,546,1,4,370000,山东省,14,30,202,748,0,4,370000,山东省,15,3,25,2,750,0,4,370000,山东省,15,2,18,4,754,0,4,370000,山东省,15,1,17,1,755,0,4,370000,山东省,15,0,14,0,755,2,6,370000,山东省,15,1,4,1,756,0,6,370000,山东省,15,0,2,0,756,0,6,370000,山东省,15,0,1,0,756,0,6,370000,山东省,15,0,0,0,756,0,6,370000,山东省,15,0,0,0,756,0,6,370000,山东省,15,0,0,2,758,0,6,370000,山东省,15,0,0,0,758,0,6,370000,山东省,15,0,0,0,758,0,6,370000,山东省,15,0,0,0,758,0,6
15,410000,河南省,0,0,0,0,0,0,410000,河南省,0,0,0,0,0,0,410000,河南省,0,0,0,0,0,0,410000,河南省,0,0,0,0,0,0,410000,河南省,0,0,0,0,0,0,410000,河南省,0,0,1,1,0,0,410000,河南省,0,0,4,5,0,0,410000,河南省,42,42,4,9,0,0,410000,河南省,54,116,23,32,0,0,410000,河南省,114,165,51,83,1,1,410000,河南省,112,212,45,128,0,1,410000,河南省,122,266,40,168,0,1,410000,河南省,232,411,38,206,1,2,410000,河南省,267,584,72,278,0,2,410000,河南省,280,735,74,352,0,2,410000,河南省,279,751,70,422,0,2,410000,河南省,254,754,71,493,0,2,410000,河南省,260,760,73,566,0,2,410000,河南省,248,678,109,675,0,2,410000,河南省,258,693,89,764,0,2,410000,河南省,273,688,87,851,0,2,410000,河南省,307,654,63,914,1,3,410000,河南省,261,651,67,981,1,4,410000,河南省,246,600,53,1033,2,6,410000,河南省,16,223,588,40,1073,0,6,410000,河南省,16,252,573,32,1105,1,7,410000,河南省,16,225,538,30,1135,1,8,410000,河南省,16,192,479,34,1169,2,10,410000,河南省,16,207,474,15,1184,1,11,410000,河南省,16,153,408,28,1212,2,13,410000,河南省,16,137,345,19,1231,0,13,410000,河南省,16,112,298,15,1246,3,16,410000,河南省,16,102,220,11,1257,3,19,410000,河南省,16,121,225,5,1262,0,19,410000,河南省,66,174,4,1265,0,19,410000,河南省,31,103,2,1267,0,19,410000,河南省,16,25,69,3,1270,0,19,410000,河南省,16,12,43,1,1271,0,19,410000,河南省,16,9,22,0,1271,0,19,410000,河南省,16,5,16,0,1271,0,19,410000,河南省,16,1,4,0,1271,0,19,410000,河南省,16,2,4,1,1272,1,20,410000,河南省,16,1,4,0,1272,0,20,410000,河南省,16,0,2,0,1272,1,21,410000,河南省,16,0,1,0,1272,1,22,410000,河南省,16,0,0,0,1272,0,22,410000,河南省,16,0,0,0,1272,0,22,410000,河南省,16,0,0,0,1272,0,22,410000,河南省,16,0,0,0,1272,0,22
16,420000,湖北省,0,0,4,45,1,2,420000,湖北省,0,0,17,62,0,2,420000,湖北省,0,0,59,121,1,3,420000,湖北省,0,0,77,198,1,4,420000,湖北省,0,11,72,270,2,6,420000,湖北省,0,0,105,375,3,9,420000,湖北省,159,279,69,444,8,17,420000,湖北省,417,710,105,549,7,24,420000,湖北省,704,1405,180,729,15,39,420000,湖北省,712,1887,323,1052,13,52,420000,湖北省,2793,4472,371,1423,24,76,420000,湖北省,1191,5324,1291,2714,24,100,420000,湖北省,1876,6940,840,3554,25,125,420000,湖北省,2493,9033,1032,4586,37,162,420000,湖北省,2867,11272,1220,5806,42,204,420000,湖北省,3097,13577,1347,7153,45,249,420000,湖北省,2606,14872,1921,9074,45,294,420000,湖北省,3260,16898,2103,11177,56,350,420000,湖北省,3182,18549,2345,13522,64,414,420000,湖北省,1957,18447,3156,16678,65,479,420000,湖北省,3230,19728,2987,19665,70,549,420000,湖北省,2622,21261,2447,22112,69,618,420000,湖北省,2073,22433,2841,24953,81,699,420000,湖北省,2067,23638,2147,27100,81,780,420000,湖北省,17,2272,18438,2618,29631,91,871,420000,湖北省,17,1814,16687,2097,31728,103,974,420000,湖北省,17,1685,11295,1638,33366,94,1068,420000,湖北省,17,1377,9028,14840,48206,242,1310,420000,湖北省,17,1154,6169,4823,51986,116,1318,420000,湖北省,17,1216,5534,2420,54406,139,1457,420000,湖北省,17,1036,5243,1843,56249,139,1596,420000,湖北省,17,909,4826,1933,58182,100,1696,420000,湖北省,17,788,4194,1807,59989,93,1789,420000,湖北省,17,596,3462,1693,61682,132,1921,420000,湖北省,880,3456,775,62457,108,2029,420000,湖北省,1279,4094,631,63088,115,2144,420000,湖北省,17,1125,4490,366,63454,106,2250,420000,湖北省,17,631,3363,630,64084,96,2346,420000,湖北省,17,450,2770,398,64287,149,2495,420000,湖北省,17,373,2292,499,64786,68,2563,420000,湖北省,17,311,2067,401,65187,52,2615,420000,湖北省,17,403,2019,409,65596,26,2641,420000,湖北省,17,332,1989,318,65914,41,2682,420000,湖北省,17,159,1171,423,66337,45,2727,420000,湖北省,17,64,646,570,66907,34,2761,420000,湖北省,17,80,527,196,67103,42,2803,420000,湖北省,17,64,434,114,67217,31,2834,420000,湖北省,17,52,340,115,67332,37,2871,420000,湖北省,17,67,315,134,67466,31,2902
17,430000,湖南省,0,0,0,0,0,0,430000,湖南省,0,0,0,0,0,0,430000,湖南省,0,0,0,0,0,0,430000,湖南省,0,0,0,0,0,0,430000,湖南省,0,0,0,0,0,0,430000,湖南省,0,0,1,1,0,0,430000,湖南省,10,10,3,4,0,0,430000,湖南省,20,25,5,9,0,0,430000,湖南省,25,35,15,24,0,0,430000,湖南省,34,25,45,69,0,0,430000,湖南省,47,42,31,100,0,0,430000,湖南省,53,52,43,143,0,0,430000,湖南省,114,85,78,221,0,0,430000,湖南省,202,223,56,277,0,0,430000,湖南省,152,303,55,332,0,0,430000,湖南省,223,426,57,389,0,0,430000,湖南省,186,434,74,463,0,0,430000,湖南省,183,351,58,521,0,0,430000,湖南省,137,289,72,593,0,0,430000,湖南省,142,211,68,661,0,0,430000,湖南省,167,207,50,711,0,0,430000,湖南省,122,183,61,772,0,0,430000,湖南省,113,154,31,803,0,0,430000,湖南省,107,155,35,838,1,1,430000,湖南省,18,88,134,41,879,0,1,430000,湖南省,18,93,136,33,912,0,1,430000,湖南省,18,94,135,34,946,1,2,430000,湖南省,18,60,96,22,968,0,2,430000,湖南省,18,53,67,20,988,0,2,430000,湖南省,18,50,70,13,1001,0,2,430000,湖南省,18,36,65,3,1004,1,3,430000,湖南省,18,14,24,2,1006,0,3,430000,湖南省,18,15,22,1,1007,1,4,430000,湖南省,18,12,17,1,1008,0,4,430000,湖南省,5,7,2,1010,0,4,430000,湖南省,5,7,1,1011,0,4,430000,湖南省,18,2,4,2,1013,0,4,430000,湖南省,18,0,0,3,1016,0,4,430000,湖南省,18,1,1,0,1016,0,4,430000,湖南省,18,1,2,0,1016,0,4,430000,湖南省,18,1,2,0,1016,0,4,430000,湖南省,18,0,0,1,1017,0,4,430000,湖南省,18,0,0,0,1017,0,4,430000,湖南省,18,1,1,1,1018,0,4,430000,湖南省,18,0,0,0,1018,0,4,430000,湖南省,18,0,0,0,1018,0,4,430000,湖南省,18,0,0,0,1018,0,4,430000,湖南省,18,0,0,0,1018,0,4,430000,湖南省,18,0,0,0,1018,0,4
18,440000,广东省,0,0,0,0,0,0,440000,广东省,0,0,0,0,0,0,440000,广东省,0,0,0,0,0,0,440000,广东省,0,0,0,0,0,0,440000,广东省,4,7,0,14,0,0,440000,广东省,1,1,12,26,0,0,440000,广东省,7,7,6,32,0,0,440000,广东省,10,17,21,53,0,0,440000,广东省,30,18,25,78,0,0,440000,广东省,45,40,20,98,0,0,440000,广东省,73,54,48,146,0,0,440000,广东省,47,73,42,188,0,0,440000,广东省,91,122,53,241,0,0,440000,广东省,78,137,70,311,0,0,440000,广东省,77,151,82,393,0,0,440000,广东省,43,126,127,520,0,0,440000,广东省,69,157,85,604,0,0,440000,广东省,86,205,79,683,0,0,440000,广东省,48,180,114,797,0,0,440000,广东省,34,136,73,870,0,0,440000,广东省,61,148,74,944,0,0,440000,广东省,71,170,74,1018,1,1,440000,广东省,65,195,57,1075,0,1,440000,广东省,62,208,45,1120,0,1,440000,广东省,19,33,169,31,1151,0,1,440000,广东省,19,36,148,26,1177,0,1,440000,广东省,19,39,135,42,1219,0,1,440000,广东省,19,29,123,22,1241,1,2,440000,广东省,19,8,17,20,1261,0,2,440000,广东省,19,9,12,33,1294,0,2,440000,广东省,19,2,2,22,1316,0,2,440000,广东省,19,1,1,6,1322,2,4,440000,广东省,19,0,0,6,1328,0,4,440000,广东省,19,1,1,3,1331,1,5,440000,广东省,1,1,1,1332,0,5,440000,广东省,1,1,1,1333,0,5,440000,广东省,19,1,1,6,1339,0,5,440000,广东省,19,0,0,3,1342,1,6,440000,广东省,19,0,0,3,1345,0,6,440000,广东省,19,0,0,2,1347,1,7,440000,广东省,19,0,0,0,1347,0,7,440000,广东省,19,0,0,0,1347,0,7,440000,广东省,19,2,2,1,1348,0,7,440000,广东省,19,0,0,1,1349,0,7,440000,广东省,19,1,1,0,1349,0,7,440000,广东省,19,0,0,1,1350,0,7,440000,广东省,19,0,0,0,1350,0,7,440000,广东省,19,0,0,0,1350,0,7,440000,广东省,19,0,0,0,1350,0,7
19,450000,广西壮族自治区,0,0,0,0,0,0,450000,广西壮族自治区,0,0,0,0,0,0,450000,广西壮族自治区,0,0,0,0,0,0,450000,广西壮族自治区,0,0,0,0,0,0,450000,广西壮族自治区,0,1,0,0,0,0,450000,广西壮族自治区,1,2,0,0,0,0,450000,广西壮族自治区,3,3,5,5,0,0,450000,广西壮族自治区,0,2,8,13,0,0,450000,广西壮族自治区,13,6,10,23,0,0,450000,广西壮族自治区,21,21,10,33,0,0,450000,广西壮族自治区,35,40,13,46,0,0,450000,广西壮族自治区,49,11,5,51,0,0,450000,广西壮族自治区,74,118,7,58,0,0,450000,广西壮族自治区,102,155,20,78,0,0,450000,广西壮族自治区,117,256,9,87,0,0,450000,广西壮族自治区,116,288,13,100,0,0,450000,广西壮族自治区,136,319,11,111,0,0,450000,广西壮族自治区,128,330,16,127,0,0,450000,广西壮族自治区,130,364,12,139,0,0,450000,广西壮族自治区,155,396,11,150,0,0,450000,广西壮族自治区,144,391,18,168,0,0,450000,广西壮族自治区,142,340,4,172,0,0,450000,广西壮族自治区,123,295,11,183,0,0,450000,广西壮族自治区,113,283,12,195,1,1,450000,广西壮族自治区,20,81,243,15,210,0,1,450000,广西壮族自治区,20,114,257,5,215,0,1,450000,广西壮族自治区,20,106,248,7,222,0,1,450000,广西壮族自治区,20,81,251,0,222,1,2,450000,广西壮族自治区,20,79,232,4,226,0,2,450000,广西壮族自治区,20,44,181,9,235,0,2,450000,广西壮族自治区,20,49,156,2,237,0,2,450000,广西壮族自治区,20,26,122,1,238,0,2,450000,广西壮族自治区,20,21,93,4,242,0,2,450000,广西壮族自治区,20,12,69,2,244,0,2,450000,广西壮族自治区,17,65,1,245,0,2,450000,广西壮族自治区,15,67,1,246,0,2,450000,广西壮族自治区,20,6,56,3,249,0,2,450000,广西壮族自治区,20,12,58,0,249,0,2,450000,广西壮族自治区,20,4,46,2,251,0,2,450000,广西壮族自治区,20,3,21,1,252,0,2,450000,广西壮族自治区,20,2,10,0,252,0,2,450000,广西壮族自治区,20,0,5,0,252,0,2,450000,广西壮族自治区,20,0,2,0,252,0,2,450000,广西壮族自治区,20,0,0,0,252,0,2,450000,广西壮族自治区,20,0,0,0,252,0,2,450000,广西壮族自治区,20,0,0,0,252,0,2,450000,广西壮族自治区,20,0,0,0,252,0,2,450000,广西壮族自治区,20,0,0,0,252,0,2,450000,广西壮族自治区,20,0,0,0,252,0,2
20,460000,海南省,0,0,0,0,0,0,460000,海南省,0,0,0,0,0,0,460000,海南省,0,0,0,0,0,0,460000,海南省,0,0,0,0,0,0,460000,海南省,1,1,0,0,0,0,460000,海南省,0,1,0,0,0,0,460000,海南省,0,0,4,4,0,0,460000,海南省,0,0,1,5,0,0,460000,海南省,0,0,5,10,0,0,460000,海南省,0,1,10,20,0,0,460000,海南省,0,0,7,27,0,0,460000,海南省,21,21,11,38,1,1,460000,海南省,27,48,5,43,0,1,460000,海南省,18,66,3,46,0,1,460000,海南省,28,73,3,49,0,1,460000,海南省,30,95,8,57,0,1,460000,海南省,38,101,6,63,0,1,460000,海南省,50,113,7,70,0,1,460000,海南省,31,109,9,79,0,1,460000,海南省,41,118,11,89,0,1,460000,海南省,38,132,11,100,0,1,460000,海南省,53,150,11,111,1,2,460000,海南省,79,203,12,123,0,2,460000,海南省,68,230,6,128,0,2,460000,海南省,21,50,219,8,136,1,3,460000,海南省,21,58,187,6,142,0,3,460000,海南省,21,66,206,3,145,0,3,460000,海南省,21,60,176,12,157,1,4,460000,海南省,21,32,170,0,157,0,4,460000,海南省,21,36,141,5,162,0,4,460000,海南省,21,30,141,0,162,0,4,460000,海南省,21,27,119,0,162,0,4,460000,海南省,21,22,114,1,163,0,4,460000,海南省,21,14,86,0,163,0,4,460000,海南省,16,71,5,168,0,4,460000,海南省,16,59,0,168,0,4,460000,海南省,21,11,46,0,168,0,4,460000,海南省,21,14,36,0,168,0,4,460000,海南省,21,10,37,0,168,1,5,460000,海南省,21,9,38,0,168,0,5,460000,海南省,21,6,33,0,168,0,5,460000,海南省,21,4,24,0,168,0,5,460000,海南省,21,5,22,0,168,0,5,460000,海南省,21,5,12,0,168,0,5,460000,海南省,21,3,15,0,168,0,5,460000,海南省,21,1,7,0,168,0,5,460000,海南省,21,0,2,0,168,0,5,460000,海南省,21,0,0,0,168,0,5,460000,海南省,21,1,1,0,168,0,5
21,500000,重庆市,0,0,0,0,0,0,500000,重庆市,0,0,0,0,0,0,500000,重庆市,0,0,0,0,0,0,500000,重庆市,0,0,0,0,0,0,500000,重庆市,0,0,0,0,0,0,500000,重庆市,0,0,5,5,0,0,500000,重庆市,13,13,4,9,0,0,500000,重庆市,53,71,18,27,0,0,500000,重庆市,55,86,30,57,0,0,500000,重庆市,106,146,18,75,0,0,500000,重庆市,117,188,35,110,0,0,500000,重庆市,31,219,22,132,0,0,500000,重庆市,108,246,15,147,0,0,500000,重庆市,152,279,18,165,0,0,500000,重庆市,192,378,41,206,0,0,500000,重庆市,185,408,32,238,1,1,500000,重庆市,175,425,24,262,0,1,500000,重庆市,178,398,38,300,1,2,500000,重庆市,170,387,37,337,0,2,500000,重庆市,175,397,29,366,0,2,500000,重庆市,171,379,23,389,0,2,500000,重庆市,177,408,22,411,0,2,500000,重庆市,162,392,15,426,0,2,500000,重庆市,156,409,20,446,0,2,500000,重庆市,22,167,418,22,468,0,2,500000,重庆市,22,164,427,18,486,0,2,500000,重庆市,22,154,428,19,505,1,3,500000,重庆市,22,148,441,13,518,0,3,500000,重庆市,22,138,427,11,529,1,4,500000,重庆市,22,98,313,8,537,1,5,500000,重庆市,22,75,246,7,544,0,5,500000,重庆市,22,63,183,7,551,0,5,500000,重庆市,22,50,162,2,553,0,5,500000,重庆市,22,41,129,2,555,0,5,500000,重庆市,45,98,5,560,0,5,500000,重庆市,28,71,7,567,1,6,500000,重庆市,22,15,40,5,572,0,6,500000,重庆市,22,21,38,1,573,0,6,500000,重庆市,22,8,32,2,575,0,6,500000,重庆市,22,13,25,1,576,0,6,500000,重庆市,22,9,23,0,576,0,6,500000,重庆市,22,11,22,0,576,0,6,500000,重庆市,22,6,19,0,576,0,6,500000,重庆市,22,7,13,0,576,0,6,500000,重庆市,22,6,12,0,576,0,6,500000,重庆市,22,1,6,0,576,0,6,500000,重庆市,22,2,3,0,576,0,6,500000,重庆市,22,1,3,0,576,0,6,500000,重庆市,22,2,2,0,576,0,6
22,510000,四川省,0,0,0,0,0,0,510000,四川省,0,0,0,0,0,0,510000,四川省,0,0,0,0,0,0,510000,四川省,0,0,0,0,0,0,510000,四川省,1,3,0,0,0,0,510000,四川省,2,5,2,2,0,0,510000,四川省,5,7,3,5,0,0,510000,四川省,6,10,10,15,0,0,510000,四川省,25,25,13,28,0,0,510000,四川省,26,34,16,44,0,0,510000,四川省,79,92,25,69,0,0,510000,四川省,78,138,21,90,0,0,510000,四川省,87,182,18,108,0,0,510000,四川省,106,243,34,142,1,1,510000,四川省,97,241,36,177,0,1,510000,四川省,81,256,30,207,0,1,510000,四川省,87,247,24,231,0,1,510000,四川省,103,268,23,254,0,1,510000,四川省,82,258,28,282,0,1,510000,四川省,106,281,19,301,0,1,510000,四川省,135,340,20,321,0,1,510000,四川省,157,409,23,344,0,1,510000,四川省,160,432,19,363,0,1,510000,四川省,113,431,23,386,0,1,510000,四川省,23,141,461,19,405,0,1,510000,四川省,23,116,475,12,417,0,1,510000,四川省,23,123,432,19,436,0,1,510000,四川省,23,94,367,15,451,0,1,510000,四川省,23,77,326,12,463,0,1,510000,四川省,23,72,310,7,470,0,1,510000,四川省,23,46,213,11,481,2,3,510000,四川省,23,40,178,14,495,0,3,510000,四川省,23,28,157,13,508,0,3,510000,四川省,23,30,105,6,514,0,3,510000,四川省,21,85,6,520,0,3,510000,四川省,15,56,5,525,0,3,510000,四川省,23,21,53,1,526,0,3,510000,四川省,23,15,51,0,526,0,3,510000,四川省,23,8,36,1,527,0,3,510000,四川省,23,7,28,2,529,0,3,510000,四川省,23,7,20,2,531,0,3,510000,四川省,23,4,14,3,534,0,3,510000,四川省,23,4,13,4,538,0,3,510000,四川省,23,2,7,0,538,0,3,510000,四川省,23,1,5,0,538,0,3,510000,四川省,23,2,3,0,538,0,3,510000,四川省,23,0,1,0,538,0,3,510000,四川省,23,1,2,0,538,0,3,510000,四川省,23,0,1,1,539,0,3
23,520000,贵州省,0,0,0,0,0,0,520000,贵州省,0,0,0,0,0,0,520000,贵州省,0,0,0,0,0,0,520000,贵州省,0,0,0,0,0,0,520000,贵州省,1,1,0,0,0,0,520000,贵州省,0,1,0,0,0,0,520000,贵州省,0,0,3,3,0,0,520000,贵州省,0,0,0,3,0,0,520000,贵州省,0,0,1,4,0,0,520000,贵州省,2,2,1,5,0,0,520000,贵州省,3,3,2,7,0,0,520000,贵州省,0,1,2,9,0,0,520000,贵州省,3,3,0,9,0,0,520000,贵州省,6,6,3,12,0,0,520000,贵州省,72,75,3,15,0,0,520000,贵州省,27,67,14,29,0,0,520000,贵州省,24,59,9,38,0,0,520000,贵州省,18,41,8,46,0,0,520000,贵州省,17,33,10,56,0,0,520000,贵州省,12,33,8,64,0,0,520000,贵州省,18,37,5,69,1,1,520000,贵州省,38,54,8,77,0,1,520000,贵州省,24,61,12,89,0,1,520000,贵州省,38,82,7,96,0,1,520000,贵州省,24,11,75,13,109,0,1,520000,贵州省,24,10,67,9,118,0,1,520000,贵州省,24,21,53,13,131,0,1,520000,贵州省,24,17,50,4,135,0,1,520000,贵州省,24,16,47,5,140,0,1,520000,贵州省,24,4,38,3,143,0,1,520000,贵州省,24,8,42,1,144,0,1,520000,贵州省,24,2,34,2,146,0,1,520000,贵州省,24,2,23,0,146,0,1,520000,贵州省,24,2,19,0,146,1,2,520000,贵州省,2,14,0,146,0,2,520000,贵州省,3,11,0,146,0,2,520000,贵州省,24,2,10,0,146,0,2,520000,贵州省,24,0,8,0,146,0,2,520000,贵州省,24,2,9,0,146,0,2,520000,贵州省,24,0,3,0,146,0,2,520000,贵州省,24,0,2,0,146,0,2,520000,贵州省,24,1,2,0,146,0,2,520000,贵州省,24,1,3,0,146,0,2,520000,贵州省,24,1,2,0,146,0,2,520000,贵州省,24,0,1,0,146,0,2,520000,贵州省,24,0,0,0,146,0,2,520000,贵州省,24,1,1,0,146,0,2,520000,贵州省,24,0,1,0,146,0,2,520000,贵州省,24,0,1,0,146,0,2
24,530000,云南省,0,0,0,0,0,0,530000,云南省,0,0,0,0,0,0,530000,云南省,0,0,0,0,0,0,530000,云南省,0,0,0,0,0,0,530000,云南省,1,1,0,0,0,0,530000,云南省,0,0,1,1,0,0,530000,云南省,0,0,0,1,0,0,530000,云南省,1,1,1,2,0,0,530000,云南省,4,4,3,5,0,0,530000,云南省,29,29,6,11,0,0,530000,云南省,55,75,10,21,0,0,530000,云南省,51,104,11,32,0,0,530000,云南省,65,163,19,51,0,0,530000,云南省,90,191,19,70,0,0,530000,云南省,107,236,10,80,0,0,530000,云南省,90,228,11,91,0,0,530000,云南省,90,261,8,99,0,0,530000,云南省,85,252,10,109,0,0,530000,云南省,64,225,8,117,0,0,530000,云南省,55,172,5,122,0,0,530000,云南省,28,149,6,128,0,0,530000,云南省,50,123,7,135,0,0,530000,云南省,63,144,3,138,0,0,530000,云南省,37,146,2,140,0,0,530000,云南省,25,38,125,1,141,0,0,530000,云南省,25,30,109,8,149,0,0,530000,云南省,25,28,89,5,154,0,0,530000,云南省,25,45,100,1,155,0,0,530000,云南省,25,29,96,7,162,0,0,530000,云南省,25,39,103,6,168,0,0,530000,云南省,25,37,108,1,169,0,0,530000,云南省,25,22,100,2,171,0,0,530000,云南省,25,18,83,1,172,0,0,530000,云南省,25,16,64,1,173,0,0,530000,云南省,21,61,0,172,1,1,530000,云南省,21,58,2,174,1,2,530000,云南省,25,14,59,0,174,0,2,530000,云南省,25,11,45,0,174,0,2,530000,云南省,25,7,32,0,174,0,2,530000,云南省,25,9,26,0,174,0,2,530000,云南省,25,7,23,0,174,0,2,530000,云南省,25,3,17,0,174,0,2,530000,云南省,25,4,12,0,174,0,2,530000,云南省,25,3,11,0,174,0,2,530000,云南省,25,0,5,0,174,0,2,530000,云南省,25,3,6,0,174,0,2,530000,云南省,25,1,4,0,174,0,2,530000,云南省,25,2,5,0,174,0,2,530000,云南省,25,2,5,0,174,0,2
25,540000,西藏自治区,0,0,0,0,0,0,540000,西藏自治区,0,0,0,0,0,0,540000,西藏自治区,0,0,0,0,0,0,540000,西藏自治区,0,0,0,0,0,0,540000,西藏自治区,0,0,0,0,0,0,540000,西藏自治区,0,0,0,0,0,0,540000,西藏自治区,0,0,0,0,0,0,540000,西藏自治区,0,0,0,0,0,0,540000,西藏自治区,0,0,0,0,0,0,540000,西藏自治区,0,0,0,0,0,0,540000,西藏自治区,0,0,0,0,0,0,540000,西藏自治区,0,0,0,0,0,0,540000,西藏自治区,1,1,0,0,0,0,540000,西藏自治区,0,0,1,1,0,0,540000,西藏自治区,0,0,0,1,0,0,540000,西藏自治区,0,0,0,1,0,0,540000,西藏自治区,0,0,0,1,0,0,540000,西藏自治区,0,0,0,1,0,0,540000,西藏自治区,0,0,0,1,0,0,540000,西藏自治区,0,0,0,1,0,0,540000,西藏自治区,0,0,0,1,0,0,540000,西藏自治区,0,0,0,1,0,0,540000,西藏自治区,0,0,0,1,0,0,540000,西藏自治区,0,0,0,1,0,0,540000,西藏自治区,26,0,0,0,1,0,0,540000,西藏自治区,26,0,0,0,1,0,0,540000,西藏自治区,26,0,0,0,1,0,0,540000,西藏自治区,26,0,0,0,1,0,0,540000,西藏自治区,26,0,0,0,1,0,0,540000,西藏自治区,26,0,0,0,1,0,0,540000,西藏自治区,26,0,0,0,1,0,0,540000,西藏自治区,26,0,0,0,1,0,0,540000,西藏自治区,26,0,0,0,1,0,0,540000,西藏自治区,26,0,0,0,1,0,0,540000,西藏自治区,0,0,0,1,0,0,540000,西藏自治区,0,0,0,1,0,0,540000,西藏自治区,26,0,0,0,1,0,0,540000,西藏自治区,26,0,0,0,1,0,0,540000,西藏自治区,26,0,0,0,1,0,0,540000,西藏自治区,26,0,0,0,1,0,0,540000,西藏自治区,26,0,0,0,1,0,0,540000,西藏自治区,26,0,0,0,1,0,0,540000,西藏自治区,26,0,0,0,1,0,0,540000,西藏自治区,26,0,0,0,1,0,0,540000,西藏自治区,26,0,0,0,1,0,0,540000,西藏自治区,26,0,0,0,1,0,0,540000,西藏自治区,26,0,0,0,1,0,0,540000,西藏自治区,26,0,0,0,1,0,0,540000,西藏自治区,26,0,0,0,1,0,0
26,610000,陕西省,0,0,0,0,0,0,610000,陕西省,0,0,0,0,0,0,610000,陕西省,0,0,0,0,0,0,610000,陕西省,0,0,0,0,0,0,610000,陕西省,0,0,0,0,0,0,610000,陕西省,0,0,0,0,0,0,610000,陕西省,0,0,0,0,0,0,610000,陕西省,0,0,3,3,0,0,610000,陕西省,0,0,2,5,0,0,610000,陕西省,0,0,10,15,0,0,610000,陕西省,0,0,7,22,0,0,610000,陕西省,0,0,13,35,0,0,610000,陕西省,0,0,11,46,0,0,610000,陕西省,67,116,17,63,0,0,610000,陕西省,47,132,24,87,0,0,610000,陕西省,47,158,15,101,0,0,610000,陕西省,77,201,15,116,0,0,610000,陕西省,36,205,12,128,0,0,610000,陕西省,53,221,14,142,0,0,610000,陕西省,41,215,23,165,0,0,610000,陕西省,71,238,8,173,0,0,610000,陕西省,70,260,11,184,0,0,610000,陕西省,92,321,11,195,0,0,610000,陕西省,73,343,13,208,0,0,610000,陕西省,27,88,375,5,213,0,0,610000,陕西省,27,71,389,6,219,0,0,610000,陕西省,27,35,367,6,225,0,0,610000,陕西省,27,53,304,4,229,0,0,610000,陕西省,27,37,267,1,230,0,0,610000,陕西省,27,37,245,2,232,0,0,610000,陕西省,27,15,189,4,236,0,0,610000,陕西省,27,15,111,4,240,0,0,610000,陕西省,27,22,79,0,240,0,0,610000,陕西省,27,19,66,2,242,0,0,610000,陕西省,8,52,3,245,1,1,610000,陕西省,8,46,0,245,0,1,610000,陕西省,27,3,34,0,245,0,1,610000,陕西省,27,2,25,0,245,0,1,610000,陕西省,27,0,11,0,245,0,1,610000,陕西省,27,0,8,0,245,0,1,610000,陕西省,27,0,2,0,245,0,1,610000,陕西省,27,0,0,0,245,0,1,610000,陕西省,27,0,0,0,245,0,1,610000,陕西省,27,0,0,0,245,0,1,610000,陕西省,27,0,0,0,245,0,1,610000,陕西省,27,0,0,0,245,0,1,610000,陕西省,27,0,0,0,245,0,1,610000,陕西省,27,0,0,0,245,0,1,610000,陕西省,27,0,0,0,245,0,1
27,620000,甘肃省,0,0,0,0,0,0,620000,甘肃省,0,0,0,0,0,0,620000,甘肃省,0,0,0,0,0,0,620000,甘肃省,0,0,0,0,0,0,620000,甘肃省,0,0,0,0,0,0,620000,甘肃省,0,0,0,0,0,0,620000,甘肃省,0,0,0,0,0,0,620000,甘肃省,0,0,2,2,0,0,620000,甘肃省,0,0,2,4,0,0,620000,甘肃省,0,0,3,7,0,0,620000,甘肃省,6,6,7,14,0,0,620000,甘肃省,0,2,5,19,0,0,620000,甘肃省,5,5,5,24,0,0,620000,甘肃省,6,8,2,26,0,0,620000,甘肃省,5,15,4,30,0,0,620000,甘肃省,1,15,6,35,0,0,620000,甘肃省,10,20,5,40,0,0,620000,甘肃省,3,9,11,51,0,0,620000,甘肃省,7,9,5,56,0,0,620000,甘肃省,10,18,1,57,0,0,620000,甘肃省,8,16,5,62,0,0,620000,甘肃省,6,21,8,70,0,0,620000,甘肃省,8,23,1,71,1,1,620000,甘肃省,6,21,10,81,0,1,620000,甘肃省,28,2,14,5,85,1,2,620000,甘肃省,28,8,20,1,86,0,2,620000,甘肃省,28,6,18,0,86,0,2,620000,甘肃省,28,3,23,1,87,0,2,620000,甘肃省,28,0,12,3,90,0,2,620000,甘肃省,28,4,12,0,90,0,2,620000,甘肃省,28,1,10,0,90,0,2,620000,甘肃省,28,0,10,1,91,0,2,620000,甘肃省,28,0,2,0,91,0,2,620000,甘肃省,28,0,2,0,91,0,2,620000,甘肃省,0,0,0,91,0,2,620000,甘肃省,1,1,0,91,0,2,620000,甘肃省,28,0,0,0,91,0,2,620000,甘肃省,28,0,0,0,91,0,2,620000,甘肃省,28,0,0,0,91,0,2,620000,甘肃省,28,0,0,0,91,0,2,620000,甘肃省,28,0,0,0,91,0,2,620000,甘肃省,28,0,0,0,91,0,2,620000,甘肃省,28,0,0,0,91,0,2,620000,甘肃省,28,0,0,0,91,0,2,620000,甘肃省,28,0,0,0,91,0,2,620000,甘肃省,28,0,0,0,91,0,2,620000,甘肃省,28,0,0,0,91,0,2,620000,甘肃省,28,0,0,0,91,0,2,620000,甘肃省,28,0,0,0,91,0,2
28,630000,青海省,0,0,0,0,0,0,630000,青海省,0,0,0,0,0,0,630000,青海省,0,0,0,0,0,0,630000,青海省,0,0,0,0,0,0,630000,青海省,0,0,0,0,0,0,630000,青海省,0,0,0,0,0,0,630000,青海省,0,0,0,0,0,0,630000,青海省,0,0,0,0,0,0,630000,青海省,1,1,0,0,0,0,630000,青海省,0,0,1,1,0,0,630000,青海省,3,0,3,4,0,0,630000,青海省,0,0,2,6,0,0,630000,青海省,0,0,0,6,0,0,630000,青海省,1,1,0,6,0,0,630000,青海省,0,0,2,8,0,0,630000,青海省,1,1,0,8,0,0,630000,青海省,2,2,1,9,0,0,630000,青海省,0,0,4,13,0,0,630000,青海省,0,0,2,15,0,0,630000,青海省,0,0,2,17,0,0,630000,青海省,0,0,1,18,0,0,630000,青海省,0,0,0,18,0,0,630000,青海省,0,0,0,18,0,0,630000,青海省,0,0,0,18,0,0,630000,青海省,29,0,0,0,18,0,0,630000,青海省,29,0,0,0,18,0,0,630000,青海省,29,0,0,0,18,0,0,630000,青海省,29,0,0,0,18,0,0,630000,青海省,29,0,0,0,18,0,0,630000,青海省,29,0,0,0,18,0,0,630000,青海省,29,0,0,0,18,0,0,630000,青海省,29,0,0,0,18,0,0,630000,青海省,29,0,0,0,18,0,0,630000,青海省,29,0,0,0,18,0,0,630000,青海省,0,0,0,18,0,0,630000,青海省,0,0,0,18,0,0,630000,青海省,29,0,0,0,18,0,0,630000,青海省,29,0,0,0,18,0,0,630000,青海省,29,0,0,0,18,0,0,630000,青海省,29,0,0,0,18,0,0,630000,青海省,29,0,0,0,18,0,0,630000,青海省,29,0,0,0,18,0,0,630000,青海省,29,0,0,0,18,0,0,630000,青海省,29,0,0,0,18,0,0,630000,青海省,29,0,0,0,18,0,0,630000,青海省,29,0,18,0,18,0,0,630000,青海省,29,0,0,0,18,0,0,630000,青海省,29,0,0,0,18,0,0,630000,青海省,29,0,0,0,18,0,0
29,640000,宁夏回族自治区,0,0,0,0,0,0,640000,宁夏回族自治区,0,0,0,0,0,0,640000,宁夏回族自治区,0,0,0,0,0,0,640000,宁夏回族自治区,0,0,0,0,0,0,640000,宁夏回族自治区,1,1,0,0,0,0,640000,宁夏回族自治区,0,1,0,0,0,0,640000,宁夏回族自治区,0,0,1,1,0,0,640000,宁夏回族自治区,1,1,1,2,0,0,640000,宁夏回族自治区,1,1,1,3,0,0,640000,宁夏回族自治区,0,1,1,4,0,0,640000,宁夏回族自治区,0,0,3,7,0,0,640000,宁夏回族自治区,0,0,4,11,0,0,640000,宁夏回族自治区,2,2,1,12,0,0,640000,宁夏回族自治区,0,1,5,17,0,0,640000,宁夏回族自治区,0,1,4,21,0,0,640000,宁夏回族自治区,0,1,5,26,0,0,640000,宁夏回族自治区,7,8,2,28,0,0,640000,宁夏回族自治区,4,12,3,31,0,0,640000,宁夏回族自治区,6,18,3,34,0,0,640000,宁夏回族自治区,6,24,0,34,0,0,640000,宁夏回族自治区,15,39,6,40,0,0,640000,宁夏回族自治区,6,45,3,43,0,0,640000,宁夏回族自治区,4,41,2,45,0,0,640000,宁夏回族自治区,6,36,0,45,0,0,640000,宁夏回族自治区,30,6,34,4,49,0,0,640000,宁夏回族自治区,30,2,33,4,53,0,0,640000,宁夏回族自治区,30,5,31,5,58,0,0,640000,宁夏回族自治区,30,3,28,6,64,0,0,640000,宁夏回族自治区,30,5,30,3,67,0,0,640000,宁夏回族自治区,30,3,29,3,70,0,0,640000,宁夏回族自治区,30,5,30,0,70,0,0,640000,宁夏回族自治区,30,0,28,0,70,0,0,640000,宁夏回族自治区,30,4,27,0,70,0,0,640000,宁夏回族自治区,30,0,25,1,71,0,0,640000,宁夏回族自治区,0,25,0,71,0,0,640000,宁夏回族自治区,1,21,0,71,0,0,640000,宁夏回族自治区,30,1,11,0,71,0,0,640000,宁夏回族自治区,30,1,7,0,71,0,0,640000,宁夏回族自治区,30,0,7,0,71,0,0,640000,宁夏回族自治区,30,0,5,0,71,0,0,640000,宁夏回族自治区,30,2,5,0,71,0,0,640000,宁夏回族自治区,30,0,4,1,72,0,0,640000,宁夏回族自治区,30,0,4,0,72,0,0,640000,宁夏回族自治区,30,0,4,1,73,0,0,640000,宁夏回族自治区,30,1,5,0,73,0,0,640000,宁夏回族自治区,30,0,4,1,74,0,0,640000,宁夏回族自治区,30,0,4,0,74,0,0,640000,宁夏回族自治区,30,0,1,1,75,0,0,640000,宁夏回族自治区,30,0,1,0,75,0,0
30,650000,新疆维吾尔自治区,0,0,0,0,0,0,650000,新疆维吾尔自治区,0,0,0,0,0,0,650000,新疆维吾尔自治区,0,0,0,0,0,0,650000,新疆维吾尔自治区,0,0,0,0,0,0,650000,新疆维吾尔自治区,0,0,0,0,0,0,650000,新疆维吾尔自治区,0,0,0,0,0,0,650000,新疆维吾尔自治区,0,0,0,0,0,0,650000,新疆维吾尔自治区,3,3,2,2,0,0,650000,新疆维吾尔自治区,0,0,1,3,0,0,650000,新疆维吾尔自治区,1,1,1,4,0,0,650000,新疆维吾尔自治区,7,6,1,5,0,0,650000,新疆维吾尔自治区,2,2,5,10,0,0,650000,新疆维吾尔自治区,1,3,3,13,0,0,650000,新疆维吾尔自治区,20,22,1,14,0,0,650000,新疆维吾尔自治区,13,28,3,17,0,0,650000,新疆维吾尔自治区,6,19,1,18,0,0,650000,新疆维吾尔自治区,8,21,3,21,0,0,650000,新疆维吾尔自治区,12,26,3,24,0,0,650000,新疆维吾尔自治区,23,33,5,29,0,0,650000,新疆维吾尔自治区,19,46,3,32,0,0,650000,新疆维吾尔自治区,15,47,4,36,0,0,650000,新疆维吾尔自治区,16,39,3,39,0,0,650000,新疆维吾尔自治区,4,23,3,42,0,0,650000,新疆维吾尔自治区,20,38,3,45,0,0,650000,新疆维吾尔自治区,31,9,39,4,49,0,0,650000,新疆维吾尔自治区,31,1,33,6,55,0,0,650000,新疆维吾尔自治区,31,2,31,4,59,0,0,650000,新疆维吾尔自治区,31,0,27,4,63,1,1,650000,新疆维吾尔自治区,31,5,25,2,65,0,1,650000,新疆维吾尔自治区,31,4,26,5,70,0,1,650000,新疆维吾尔自治区,31,3,22,1,71,0,1,650000,新疆维吾尔自治区,31,2,20,2,73,0,1,650000,新疆维吾尔自治区,31,1,19,1,76,0,1,650000,新疆维吾尔自治区,31,0,18,0,76,0,1,650000,新疆维吾尔自治区,0,17,0,76,0,1,650000,新疆维吾尔自治区,0,11,0,76,0,1,650000,新疆维吾尔自治区,31,0,6,0,76,1,2,650000,新疆维吾尔自治区,31,0,4,0,76,0,2,650000,新疆维吾尔自治区,31,0,3,0,76,0,2,650000,新疆维吾尔自治区,31,0,3,0,76,0,2,650000,新疆维吾尔自治区,31,0,2,0,76,0,2,650000,新疆维吾尔自治区,31,0,2,0,76,0,2,650000,新疆维吾尔自治区,31,0,2,0,76,1,3,650000,新疆维吾尔自治区,31,0,2,0,76,0,3,650000,新疆维吾尔自治区,31,0,2,0,76,0,3,650000,新疆维吾尔自治区,31,0,0,0,76,0,3,650000,新疆维吾尔自治区,31,0,0,0,76,0,3,650000,新疆维吾尔自治区,31,0,0,0,76,0,3,650000,新疆维吾尔自治区,31,0,0,0,76,0,3
